img1_path,img2_path
data/img1.png,data/img10.png
data/img1.png,data/img2.png
data/img1.png,data/img3.png
data/img1.png,data/img4.png
data/img1.png,data/img5.png
data/img1.png,data/img6.png
data/img1.png,data/img7.png
data/img1.png,data/img8.png
data/img1.png,data/img9.png
data/img10.png,data/img1.png
data/img10.png,data/img2.png
data/img10.png,data/img3.png
data/img10.png,data/img4.png
data/img10.png,data/img5.png
data/img10.png,data/img6.png
data/img10.png,data/img7.png
data/img10.png,data/img8.png
data/img10.png,data/img9.png
data/img2.png,data/img1.png
data/img2.png,data/img10.png
data/img2.png,data/img3.png
data/img2.png,data/img4.png
data/img2.png,data/img5.png
data/img2.png,data/img6.png
data/img2.png,data/img7.png
data/img2.png,data/img8.png
data/img2.png,data/img9.png
data/img3.png,data/img1.png
data/img3.png,data/img10.png
data/img3.png,data/img2.png
data/img3.png,data/img4.png
data/img3.png,data/img5.png
data/img3.png,data/img6.png
data/img3.png,data/img7.png
data/img3.png,data/img8.png
data/img3.png,data/img9.png
data/img4.png,data/img1.png
data/img4.png,data/img10.png
data/img4.png,data/img2.png
data/img4.png,data/img3.png
data/img4.png,data/img5.png
data/img4.png,data/img6.png
data/img4.png,data/img7.png
data/img4.png,data/img8.png
data/img4.png,data/img9.png
data/img5.png,data/img1.png
data/img5.png,data/img10.png
data/img5.png,data/img2.png
data/img5.png,data/img3.png
data/img5.png,data/img4.png
data/img5.png,data/img6.png
data/img5.png,data/img7.png
data/img5.png,data/img8.png
data/img5.png,data/img9.png
data/img6.png,data/img1.png
data/img6.png,data/img10.png
data/img6.png,data/img2.png
data/img6.png,data/img3.png
data/img6.png,data/img4.png
data/img6.png,data/img5.png
data/img6.png,data/img7.png
data/img6.png,data/img8.png
data/img6.png,data/img9.png
data/img7.png,data/img1.png
data/img7.png,data/img10.png
data/img7.png,data/img2.png
data/img7.png,data/img3.png
data/img7.png,data/img4.png
data/img7.png,data/img5.png
data/img7.png,data/img6.png
data/img7.png,data/img8.png
data/img7.png,data/img9.png
data/img8.png,data/img1.png
data/img8.png,data/img10.png
data/img8.png,data/img2.png
data/img8.png,data/img3.png
data/img8.png,data/img4.png
data/img8.png,data/img5.png
data/img8.png,data/img6.png
data/img8.png,data/img7.png
data/img8.png,data/img9.png
data/img9.png,data/img1.png
data/img9.png,data/img10.png
data/img9.png,data/img2.png
data/img9.png,data/img3.png
data/img9.png,data/img4.png
data/img9.png,data/img5.png
data/img9.png,data/img6.png
data/img9.png,data/img7.png
data/img9.png,data/img8.png
